Transaction Date,Symbol,Open,High,Low,Close,LTP,Close - LTP,Close - LTP %,Vol,Prev. Close,Turnover,120 Days,180 Days,52 Weeks High,52 Weeks Low,Sentiment Score
2025-07-31,ACLBSL,"1,202.00","1,202.00","1,160.00","1,161.15","1,160.10",1.05,0.00,"6,197.00","1,182.39","7,273,717.50","1,096.95","1,085.92","1,345.00",965.00,-1
2025-07-31,ADBL,334.80,336.60,327.00,332.18,332.00,0.18,0.00,"128,639.00",332.08,"42,777,783.90",295.62,307.46,428.40,272.30,-1
2025-07-31,ADBLD83,"1,085.00","1,130.00","1,085.00","1,108.00","1,108.00",0.00,0.00,"3,197.00","1,085.00","3,600,957.00","1,103.63","1,091.89","1,160.00","1,046.00",1
2025-07-31,AHL,665.00,674.00,655.00,670.61,665.00,5.61,0.01,"12,779.00",673.35,"8,471,597.00",700.43,711.56,891.00,579.50,1
2025-07-31,AHPC,310.00,314.90,305.00,306.55,305.30,1.25,0.00,"424,832.00",310.13,"131,139,891.40",279.84,275.35,349.00,221.10,-1
2025-07-31,AKJCL,218.00,219.00,215.00,215.36,215.40,-0.04,0.00,"308,795.00",217.82,"66,953,923.00",209.17,208.09,274.90,187.20,-1
2025-07-31,AKPL,285.60,285.60,273.50,274.78,275.00,-0.22,0.00,"486,879.00",280.05,"134,674,065.70",249.48,248.72,326.00,211.00,-1
2025-07-31,ALBSL,965.00,983.90,950.00,960.78,960.00,0.78,0.00,"34,159.00",958.20,"32,960,113.30",851.96,859.86,"1,177.00",771.00,-1
2025-07-31,ALICL,531.00,531.00,516.00,516.58,517.00,-0.42,0.00,"30,999.00",522.87,"16,117,144.00",660.32,684.46,831.00,484.80,-1
2025-07-31,ANLB,"5,812.02","5,865.00","5,684.10","5,808.88","5,865.00",-56.12,-0.01,252.00,"5,812.02","1,451,560.70","5,319.47","5,282.36","6,735.00","2,715.00",-1
2025-07-31,API,308.00,312.00,305.60,306.41,306.00,0.41,0.00,"316,348.00",310.32,"97,551,228.60",291.00,286.64,390.00,244.00,-1
2025-07-31,AVYAN,"1,150.00","1,154.00","1,120.00","1,137.64","1,125.00",12.64,0.01,"5,778.00","1,149.50","6,560,488.50","1,076.09","1,062.36","1,306.80",832.00,-1
2025-07-31,BARUN,400.00,403.80,388.00,389.39,389.00,0.39,0.00,"103,878.00",398.31,"40,924,326.60",475.89,457.33,589.00,296.10,-1
2025-07-31,BBC,"5,796.90","5,796.90","5,514.00","5,570.09","5,514.00",56.09,0.01,"1,060.00","5,715.06","5,957,856.70","5,631.35","5,573.42","7,247.00","4,010.00",-1
2025-07-31,BEDC,836.90,836.90,778.00,793.30,786.50,6.80,0.01,"17,173.00",853.95,"13,689,534.30",762.07,721.64,"1,080.00",417.10,-1
2025-07-31,BFC,539.00,564.00,530.30,540.74,540.00,0.74,0.00,"54,701.00",539.00,"29,706,022.50",541.93,596.48,951.60,456.00,1
2025-07-31,BGWT,945.00,957.00,945.00,948.39,948.20,0.19,0.00,"4,157.00",956.80,"3,943,209.90","1,004.43","1,005.84","1,241.00",857.60,1
2025-07-31,BHDC,610.00,616.00,590.00,597.75,590.00,7.75,0.01,"77,275.00",612.57,"46,774,328.10",561.85,596.32,829.70,426.00,-1
2025-07-31,BHL,215.80,219.40,215.50,216.06,216.10,-0.04,0.00,"216,653.00",217.63,"46,950,453.50",267.22,304.96,520.00,202.20,1
2025-07-31,BHPL,820.20,821.90,805.50,811.61,811.00,0.61,0.00,"3,240.00",820.14,"2,637,697.20",956.03,913.91,"1,308.40",654.00,-1
2025-07-31,BNHC,571.70,571.70,542.10,545.28,547.00,-1.72,0.00,"46,032.00",560.52,"25,367,005.40",521.91,515.44,689.80,440.00,-1
2025-07-31,BNL,"16,700.00","17,000.00","16,700.00","17,000.00","17,000.00",0.00,0.00,20.00,"16,980.50","337,000.00","17,190.18","17,336.24","22,500.00","14,900.00",1
2025-07-31,BNT,"12,832.00","12,861.00","12,701.00","12,750.00","12,750.00",0.00,0.00,272.00,"12,890.50","3,472,930.00","12,904.31","13,283.54","17,523.00","12,050.00",-1
2025-07-31,BPCL,920.00,952.00,920.00,930.98,925.50,5.48,0.01,"247,702.00",937.89,"232,270,513.40",577.55,525.11,"1,065.00",375.10,1
2025-07-31,C30MF,10.50,10.71,10.30,10.32,10.32,0.00,0.00,"6,100.00",10.30,"64,320.00",9.47,9.48,10.92,8.65,-1
2025-07-31,CBBL,"1,101.10","1,110.00","1,068.00","1,084.32","1,081.00",3.32,0.00,"104,855.00","1,079.58","113,779,472.60",898.85,905.47,"1,155.00",821.50,-1
2025-07-31,CFCL,558.00,580.00,547.00,558.07,552.60,5.47,0.01,"27,979.00",554.36,"15,718,555.10",563.32,586.02,820.00,457.70,1
2025-07-31,CGH,"1,063.00","1,080.00","1,030.10","1,039.20","1,034.00",5.20,0.01,"124,905.00","1,063.86","131,536,542.90",917.56,919.53,"1,360.00",842.10,-1
2025-07-31,CHCL,545.00,548.90,535.00,537.20,536.10,1.10,0.00,"121,812.00",544.93,"65,896,188.60",516.33,529.03,697.00,469.70,-1
2025-07-31,CHDC,"2,875.00","2,879.00","2,805.00","2,813.38","2,816.00",-2.62,0.00,"27,056.00","2,828.06","76,305,685.50","2,484.53","2,210.38","2,997.90","1,538.60",-1
2025-07-31,CHL,324.80,324.80,313.00,316.16,314.00,2.16,0.01,"42,102.00",319.11,"13,421,827.00",418.85,413.98,599.70,276.00,-1
2025-07-31,CIT,"2,079.00","2,090.00","2,040.10","2,046.32","2,043.00",3.32,0.00,"30,253.00","2,078.89","62,193,161.90","1,956.25","2,010.75","2,700.00","1,869.00",-1
2025-07-31,CITY,931.20,939.90,922.00,927.43,922.00,5.43,0.01,"19,470.00",932.90,"18,135,617.00",871.82,880.76,"1,168.50",732.90,-1
2025-07-31,CIZBD90,"1,174.80","1,174.80","1,174.80","1,174.80","1,174.80",0.00,0.00,92.00,"1,198.68","108,081.60","1,112.11",0.00,"1,207.00","1,030.00",0
2025-07-31,CKHL,694.00,722.50,690.00,691.23,704.00,-12.77,-0.02,"7,684.00",707.51,"5,375,706.10",710.14,715.63,910.00,590.00,-1
2025-07-31,CLI,511.00,512.00,500.00,501.33,501.90,-0.57,0.00,"68,061.00",510.47,"34,338,408.20",540.74,589.59,774.90,448.20,-1
2025-07-31,CMF2,9.75,10.10,9.75,10.10,10.10,0.00,0.00,"5,870.00",9.93,"58,838.00",9.53,9.54,10.86,9.00,-1
2025-07-31,CORBL,"2,069.10","2,231.40","2,069.10","2,230.94","2,231.00",-0.06,0.00,"13,951.00","2,028.61","30,626,011.60","2,175.84","1,949.42","2,842.30",635.00,1
2025-07-31,CREST,"1,400.00","1,400.00","1,378.00","1,381.81","1,378.00",3.81,0.00,"19,022.00","1,400.68","26,354,121.00",0.00,0.00,"2,458.20",302.50,-1
2025-07-31,CYCL,"1,863.00","1,900.20","1,801.00","1,821.52","1,820.00",1.52,0.00,"7,189.00","1,827.06","13,094,662.40","1,680.85","1,665.33","2,040.00","1,448.00",-1
2025-07-31,CZBIL,230.00,232.00,227.00,228.00,227.40,0.60,0.00,"100,942.00",232.31,"23,087,979.80",212.11,215.49,296.00,196.00,-1
2025-07-31,DDBL,965.00,975.00,931.00,943.27,940.00,3.27,0.00,"50,265.00",955.00,"47,804,700.40",814.97,830.21,"1,099.00",759.00,-1
2025-07-31,DHPL,326.50,339.20,326.00,327.76,328.00,-0.24,0.00,"18,947.00",332.58,"6,219,905.00",353.65,332.91,427.20,213.10,1
2025-07-31,DLBS,"1,549.59","1,550.00","1,531.40","1,538.66","1,536.00",2.66,0.00,951.00,"1,549.59","1,457,123.60","1,566.78","1,590.17","2,250.00","1,200.10",-1
2025-07-31,DOLTI,602.60,610.00,594.00,595.55,594.00,1.55,0.00,"10,332.00",602.60,"6,187,122.40",640.51,655.70,"1,017.00",450.00,-1
2025-07-31,DORDI,313.00,315.00,310.00,311.22,311.00,0.22,0.00,"60,686.00",313.12,"18,938,379.10",404.25,446.98,696.00,300.10,-1
2025-07-31,EBL,715.00,729.30,713.00,717.09,716.00,1.09,0.00,"156,655.00",722.16,"112,588,247.30",638.31,624.23,790.00,567.00,1
2025-07-31,EBLD85,"1,125.00","1,125.00","1,117.00","1,119.98","1,117.00",2.98,0.00,"1,205.00","1,124.50","1,354,095.00","1,129.38","1,113.61","1,200.00","1,080.00",-1
2025-07-31,EBLD86,"1,025.10","1,046.00","1,025.10","1,037.49","1,031.00",6.49,0.01,275.00,"1,045.00","284,402.00","1,044.55","1,033.31","1,080.00",942.00,1
2025-07-31,EBLD91,"1,010.00","1,010.00","1,005.10","1,007.10","1,007.10",0.00,0.00,155.00,"1,012.00","156,172.00",0.00,0.00,"1,050.00",996.00,-1
2025-07-31,EDBL,670.10,690.00,665.00,667.16,665.00,2.16,0.00,"50,876.00",678.28,"34,321,299.30",639.71,638.65,838.20,481.00,-1
2025-07-31,EHPL,635.80,660.00,635.80,638.46,636.10,2.36,0.00,"8,130.00",648.48,"5,241,011.80",672.95,709.82,997.00,530.30,1
2025-07-31,ENL,"1,155.00","1,179.90","1,111.50","1,121.29","1,135.00",-13.71,-0.01,"2,468.00","1,137.55","2,781,161.50","1,155.28","1,174.00","1,453.50","1,022.10",-1
2025-07-31,FMDBL,978.00,990.10,956.00,962.18,956.00,6.18,0.01,"162,386.00",975.14,"157,867,387.90",784.62,777.98,"1,038.80",687.00,-1
2025-07-31,FOWAD,"1,276.00","1,276.00","1,235.60","1,253.92","1,260.00",-6.08,0.00,"7,121.00","1,250.99","8,936,879.70","1,180.91","1,235.41","1,698.00","1,059.30",-1
2025-07-31,GBBD85,"1,038.00","1,038.00","1,038.00","1,038.00","1,038.00",0.00,0.00,25.00,"1,035.00","25,950.00","1,051.47","1,044.83","1,110.00",966.50,0
2025-07-31,GBBL,466.00,466.10,451.20,453.05,452.00,1.05,0.00,"144,382.00",465.00,"66,030,431.30",404.23,411.14,531.40,378.70,-1
2025-07-31,GBIME,270.00,270.00,260.10,261.61,261.20,0.41,0.00,"366,846.00",266.87,"96,289,966.60",230.69,231.69,302.00,210.70,-1
2025-07-31,GBLBS,908.50,908.50,880.00,883.46,885.00,-1.54,0.00,"16,573.00",890.70,"14,764,194.50",835.54,820.52,987.00,667.10,-1
2025-07-31,GCIL,532.00,537.00,518.00,520.68,518.00,2.68,0.01,"82,865.00",532.18,"43,622,316.00",521.00,511.68,668.00,465.20,-1
2025-07-31,GFCL,701.20,748.60,695.00,708.80,709.00,-0.20,0.00,"78,804.00",705.60,"56,293,332.00",676.70,741.99,"1,353.00",591.50,1
2025-07-31,GHL,258.00,262.00,252.00,253.71,253.50,0.21,0.00,"211,822.00",258.64,"54,158,424.50",259.87,245.27,318.00,193.50,-1
2025-07-31,GIBF1,11.24,11.68,11.24,11.37,11.40,-0.03,0.00,"293,425.00",11.46,"3,362,550.00",10.30,10.16,11.68,8.84,1
2025-07-31,GILB,"1,350.00","1,367.90","1,336.50","1,345.94","1,336.50",9.44,0.01,"9,664.00","1,350.96","13,023,529.90","1,284.14","1,271.12","1,485.00","1,118.20",-1
2025-07-31,GLBSL,"2,306.05","2,325.60","2,275.10","2,282.29","2,290.00",-7.71,0.00,"2,711.00","2,306.05","6,202,647.20","2,644.70","2,533.20","3,486.00","1,560.00",-1
2025-07-31,GLH,286.00,290.00,279.00,280.58,279.00,1.58,0.01,"150,696.00",286.75,"42,697,337.20",262.94,258.91,336.00,223.80,-1
2025-07-31,GMFBS,"1,722.00","1,722.00","1,655.00","1,660.44","1,660.00",0.44,0.00,"2,224.00","1,689.02","3,708,013.70","1,647.64","1,678.41","1,980.00","1,397.00",-1
2025-07-31,GMFIL,530.60,540.00,515.10,523.31,524.00,-0.69,0.00,"46,694.00",520.31,"24,711,028.30",505.01,535.61,759.00,436.50,-1
2025-07-31,GMLI,"2,110.00","2,142.60","2,096.00","2,100.58","2,096.00",4.58,0.00,"8,351.00","2,100.77","17,650,723.00",0.00,0.00,"2,778.00",301.00,-1
2025-07-31,GRDBL,"1,272.50","1,372.30","1,272.50","1,371.34","1,372.30",-0.96,0.00,"74,829.00","1,247.62","100,789,420.40","1,335.42","1,237.28","2,001.40",538.00,1
2025-07-31,GSY,9.66,10.00,9.66,10.00,10.00,0.00,0.00,"90,780.00",9.85,"905,649.50",0.00,0.00,10.28,8.80,-1
2025-07-31,GUFL,578.00,601.00,574.00,581.86,581.00,0.86,0.00,"31,867.00",581.41,"18,676,419.70",579.06,621.83,"1,041.00",521.50,1
2025-07-31,GVL,612.20,662.00,606.70,623.14,619.00,4.14,0.01,"312,192.00",623.56,"194,666,419.20",486.91,507.87,662.00,424.00,1
2025-07-31,H8020,11.55,11.79,11.55,11.68,11.68,0.00,0.00,"11,500.00",11.70,"134,244.00",10.73,10.50,12.06,9.54,1
2025-07-31,HATHY,"1,332.30","1,332.30","1,286.00","1,293.07","1,286.00",7.07,0.01,"42,140.00","1,306.19","54,783,372.60","1,319.10","1,343.37","1,816.00","1,180.30",-1
2025-07-31,HBL,236.00,239.00,233.00,233.36,233.50,-0.14,0.00,"94,880.00",238.13,"22,292,527.60",229.79,234.62,312.10,210.00,-1
2025-07-31,HDHPC,208.90,215.50,208.90,210.22,210.30,-0.08,0.00,"356,059.00",213.13,"75,430,775.70",202.69,203.68,273.00,174.00,1
2025-07-31,HDL,"1,486.00","1,496.00","1,450.10","1,459.83","1,458.00",1.83,0.00,"471,530.00","1,486.43","690,951,767.50","1,223.37","1,247.69","1,696.00","1,136.00",-1
2025-07-31,HEI,610.50,615.80,604.00,605.61,604.00,1.61,0.00,"29,166.00",618.02,"17,783,552.00",605.16,619.69,810.00,547.40,-1
2025-07-31,HEIP,365.00,375.80,365.00,375.80,375.80,0.00,0.00,495.00,368.48,"181,463.10",377.78,407.81,563.00,342.20,1
2025-07-31,HHL,416.00,420.00,405.00,406.40,406.00,0.40,0.00,"108,223.00",415.89,"44,521,637.80",467.81,482.79,635.00,351.00,-1
2025-07-31,HIDCL,300.70,309.80,299.00,300.70,300.00,0.70,0.00,"488,131.00",306.74,"148,132,602.10",291.14,278.61,360.00,215.00,0
2025-07-31,HIDCLP,220.00,230.00,217.80,218.58,218.50,0.08,0.00,"1,415,768.00",224.19,"313,375,499.80",197.69,188.88,239.00,109.80,-1
2025-07-31,HLBSL,"1,060.00","1,081.20","1,040.20","1,051.20","1,055.00",-3.80,0.00,"16,228.00","1,055.63","17,257,360.80",986.36,983.96,"1,335.00",817.00,-1
2025-07-31,HLI,446.50,446.50,422.30,424.64,423.30,1.34,0.00,"248,637.00",437.75,"107,559,919.00",421.22,436.88,607.00,377.70,-1
2025-07-31,HPPL,520.00,525.40,511.00,514.91,515.80,-0.89,0.00,"57,006.00",517.11,"29,572,910.30",563.32,513.25,711.00,290.10,-1
2025-07-31,HRL,"1,109.00","1,139.90","1,091.60","1,103.73","1,100.70",3.03,0.00,"1,195,623.00","1,087.35","1,338,816,770.00",965.32,921.76,"1,156.00",700.00,-1
2025-07-31,HURJA,256.00,260.00,253.00,254.25,253.20,1.05,0.00,"138,100.00",257.35,"35,480,887.20",252.49,246.20,291.70,198.00,-1
2025-07-31,ICFC,690.00,710.50,680.10,694.65,694.00,0.65,0.00,"94,215.00",690.76,"65,426,365.40",627.61,657.07,910.00,555.00,1
2025-07-31,IGI,577.00,577.00,554.00,557.20,556.00,1.20,0.00,"31,778.00",566.16,"17,758,816.60",567.49,578.91,760.00,510.00,-1
2025-07-31,IHL,596.00,605.90,585.20,592.69,594.00,-1.31,0.00,"11,380.00",596.37,"6,768,617.70",636.18,640.58,838.00,440.00,-1
2025-07-31,ILBS,"1,111.00","1,160.00","1,111.00","1,154.06","1,155.00",-0.94,0.00,"28,374.00","1,128.75","32,468,035.70",930.65,952.63,"1,239.00",795.20,1
2025-07-31,ILI,468.00,474.90,466.10,468.46,467.00,1.46,0.00,"33,953.00",474.91,"15,930,427.80",467.70,473.17,606.00,430.50,1
2025-07-31,JBBL,389.60,389.60,375.00,377.15,376.00,1.15,0.00,"237,628.00",385.62,"90,516,420.50",344.03,352.69,445.00,315.00,-1
2025-07-31,JBLB,"1,478.00","1,508.00","1,455.00","1,459.58","1,459.10",0.48,0.00,"25,960.00","1,481.57","38,311,320.20","1,358.30","1,408.65","1,920.00","1,270.70",-1
2025-07-31,JFL,517.00,535.00,510.00,522.51,522.00,0.51,0.00,"56,093.00",516.93,"29,377,242.10",502.57,605.04,"1,083.30",400.00,1
2025-07-31,JOSHI,345.70,352.80,340.00,345.70,344.00,1.70,0.00,"79,632.00",339.22,"27,568,866.20",383.77,387.90,521.60,265.00,0
2025-07-31,JSLBB,"1,411.80","1,411.80","1,375.00","1,378.77","1,375.00",3.77,0.00,"3,394.00","1,384.18","4,692,932.00","1,449.67","1,501.66","1,860.40","1,216.20",-1
2025-07-31,KBL,222.10,225.00,220.00,220.44,221.00,-0.56,0.00,"598,713.00",223.24,"132,976,815.10",208.38,211.45,272.90,192.10,-1
2025-07-31,KBSH,"2,052.00","2,110.00","2,004.10","2,017.80","2,005.00",12.80,0.01,498.00,"2,012.58","1,008,085.70","2,161.04","2,312.15","3,300.00","1,520.00",-1
2025-07-31,KDBY,10.29,10.45,10.29,10.31,10.29,0.02,0.00,"170,250.00",10.50,"1,769,794.00",9.54,9.53,11.00,8.51,1
2025-07-31,KDL,"1,140.00","1,155.00","1,115.00","1,128.36","1,127.90",0.46,0.00,"4,309.00","1,140.76","4,881,507.00","1,138.80","1,132.15","1,381.00",970.00,-1
2025-07-31,KEF,10.00,10.36,10.00,10.15,10.15,0.00,0.00,"99,580.00",10.17,"1,026,143.50",9.12,9.11,10.76,7.91,1
2025-07-31,KKHC,282.00,283.00,275.00,278.48,278.00,0.48,0.00,"27,804.00",283.32,"7,745,492.90",355.93,355.26,475.90,235.20,-1
2025-07-31,KMCDB,"1,140.00","1,180.00","1,086.00","1,093.77","1,092.10",1.67,0.00,"11,161.00","1,118.59","12,373,441.60","1,069.35","1,074.92","1,270.00",950.60,-1
2025-07-31,KPCL,637.10,637.10,611.00,618.08,611.00,7.08,0.01,"150,741.00",630.46,"93,877,007.60",554.60,547.90,711.00,440.00,-1
2025-07-31,KSBBL,560.00,560.00,535.00,538.82,541.00,-2.18,0.00,"204,769.00",551.83,"111,365,697.10",459.01,457.11,588.00,416.00,-1
2025-07-31,KSY,10.20,10.28,9.90,10.02,9.90,0.12,0.01,"15,500.00",10.28,"155,557.00",9.17,9.13,10.91,8.25,-1
2025-07-31,LBBL,617.00,628.80,600.00,610.66,610.00,0.66,0.00,"672,260.00",616.83,"412,750,846.80",452.01,463.45,646.30,376.50,-1
2025-07-31,LEC,240.70,240.70,228.00,228.63,228.50,0.13,0.00,"270,000.00",236.15,"62,364,958.60",216.09,217.64,344.00,195.00,-1
2025-07-31,LICN,947.00,947.00,911.10,920.49,917.20,3.29,0.00,"21,484.00",929.30,"19,915,951.70",991.76,"1,065.84","2,475.00",830.00,-1
2025-07-31,LLBS,"1,183.00","1,206.00","1,165.50","1,171.19","1,165.50",5.69,0.00,"2,977.00","1,182.89","3,520,011.20","1,103.25","1,111.09","1,367.30",990.00,-1
2025-07-31,LSL,247.00,247.00,237.00,238.50,237.10,1.40,0.01,"214,003.00",242.31,"51,535,409.40",221.18,225.95,300.00,201.00,-1
2025-07-31,LUK,11.24,11.33,11.07,11.32,11.30,0.02,0.00,"53,010.00",11.46,"590,825.40",9.93,9.82,11.93,8.70,1
2025-07-31,LVF2,10.93,11.11,10.21,10.90,10.90,0.00,0.00,"475,699.00",10.93,"5,032,772.59",9.65,9.51,11.45,8.27,-1
2025-07-31,MAKAR,642.00,650.00,635.00,638.54,639.00,-0.46,0.00,"8,418.00",642.85,"5,402,132.00",694.92,678.31,860.00,431.30,-1
2025-07-31,MANDU,911.00,926.00,900.00,910.03,909.00,1.03,0.00,"10,879.00",918.99,"9,912,046.40",900.44,910.87,"1,300.00",805.60,-1
2025-07-31,MATRI,"1,220.00","1,225.00","1,205.80","1,216.97","1,215.00",1.97,0.00,"1,701.00","1,217.05","2,065,123.10","1,223.46","1,249.92","1,716.00","1,125.00",-1
2025-07-31,MBJC,323.00,325.00,317.20,318.86,317.30,1.56,0.00,"58,777.00",323.17,"18,884,184.60",329.10,336.93,433.00,293.50,-1
2025-07-31,MBL,258.50,260.00,255.00,255.87,255.30,0.57,0.00,"357,154.00",260.17,"92,254,277.70",229.15,234.52,295.00,208.60,-1
2025-07-31,MBLEF,9.05,9.08,9.05,9.08,9.08,0.00,0.00,"3,900.00",9.21,"35,337.00",0.00,0.00,10.19,8.59,1
2025-07-31,MCHL,565.00,566.10,549.00,550.00,550.00,0.00,0.00,"7,346.00",562.61,"4,063,980.80",587.20,592.69,714.00,452.00,-1
2025-07-31,MDB,676.00,703.00,675.20,678.18,677.00,1.18,0.00,"83,393.00",689.12,"56,957,142.10",638.47,653.88,843.50,557.00,1
2025-07-31,MEHL,469.00,469.00,452.10,456.49,456.10,0.39,0.00,"15,174.00",459.85,"6,928,344.70",506.97,492.51,696.00,344.20,-1
2025-07-31,MEL,316.10,323.10,313.10,315.07,314.20,0.87,0.00,"51,900.00",318.55,"16,459,209.60",322.72,323.02,393.00,265.60,-1
2025-07-31,MEN,656.40,656.40,636.40,638.27,637.30,0.97,0.00,"110,846.00",643.55,"71,023,749.60",598.35,623.14,809.50,552.40,-1
2025-07-31,MERO,915.00,951.00,885.10,891.21,887.40,3.81,0.00,"76,729.00",909.58,"69,206,386.70",755.71,747.99,"1,000.00",648.00,-1
2025-07-31,MFIL,714.00,735.00,700.10,716.71,711.90,4.81,0.01,"139,864.00",711.49,"100,316,252.10",617.40,647.46,917.00,560.00,1
2025-07-31,MHCL,472.60,489.00,467.00,471.54,470.00,1.54,0.00,"18,678.00",482.08,"8,855,971.10",509.44,507.91,655.00,355.10,-1
2025-07-31,MHL,610.20,621.00,610.20,615.53,618.00,-2.47,0.00,"12,113.00",615.83,"7,462,044.40",681.07,735.61,"1,101.00",554.00,1
2025-07-31,MHNL,282.90,282.90,269.00,269.84,270.00,-0.16,0.00,"55,047.00",278.62,"14,983,905.90",270.84,270.92,379.00,234.00,-1
2025-07-31,MKCL,"1,811.00","1,845.00","1,785.00","1,803.36","1,787.00",16.36,0.01,"34,232.00","1,811.13","62,113,792.60","1,587.05","1,573.70","1,926.00","1,230.10",-1
2025-07-31,MKHC,470.50,474.30,461.00,463.93,462.00,1.93,0.00,"39,820.00",470.89,"18,558,842.30",486.55,487.11,627.00,307.40,-1
2025-07-31,MKHL,927.00,943.00,890.00,891.25,897.00,-5.75,-0.01,"15,832.00",945.15,"14,294,420.30",741.47,699.21,"1,027.00",450.80,-1
2025-07-31,MKJC,611.00,619.90,590.00,604.75,604.90,-0.15,0.00,"204,257.00",601.67,"123,901,028.90",542.90,541.82,700.00,402.00,-1
2025-07-31,MLBBL,"1,580.00","1,648.20","1,580.00","1,586.13","1,585.00",1.13,0.00,"7,044.00","1,611.72","11,385,287.50","1,570.44","1,613.31","2,019.00","1,360.00",1
2025-07-31,MLBL,440.00,440.00,425.00,427.89,425.10,2.79,0.01,"179,598.00",436.31,"77,482,453.40",398.94,398.54,498.00,358.00,-1
2025-07-31,MLBS,"1,701.00","1,705.00","1,651.00","1,666.83","1,664.00",2.83,0.00,"2,400.00","1,701.01","4,031,472.00","1,781.49","1,878.15","2,530.00","1,311.00",-1
2025-07-31,MLBSL,"2,330.00","2,369.00","2,286.40","2,295.21","2,310.00",-14.79,-0.01,"3,412.00","2,288.20","7,869,468.40","2,267.04","2,267.83","2,648.70","1,950.00",-1
2025-07-31,MMF1,9.38,9.54,9.30,9.39,9.39,0.00,0.00,"18,330.00",9.43,"172,677.20",8.85,8.88,9.85,7.85,1
2025-07-31,MMKJL,612.80,630.00,607.70,610.47,617.50,-7.03,-0.01,"8,013.00",625.04,"4,909,747.40",655.58,663.06,890.40,451.80,-1
2025-07-31,MNBBL,470.00,480.00,463.00,465.01,463.30,1.71,0.00,"406,806.00",475.58,"191,189,594.60",376.75,380.22,503.00,349.00,-1
2025-07-31,MNMF1,9.32,9.82,9.32,9.50,9.50,0.00,0.00,"13,980.00",9.51,"133,015.00",9.21,0.00,10.42,8.67,1
2025-07-31,MPFL,646.00,679.80,646.00,658.23,659.50,-1.27,0.00,"39,751.00",656.60,"26,316,700.90",634.46,663.41,936.90,549.00,1
2025-07-31,MSHL,910.00,932.00,910.00,922.19,920.00,2.19,0.00,"3,106.00",921.26,"2,869,205.30",921.10,937.14,"1,180.00",720.00,1
2025-07-31,MSLB,"1,447.90","1,509.00","1,447.90","1,459.48","1,465.10",-5.62,0.00,"37,906.00","1,419.59","56,049,654.30","1,293.17","1,386.36","1,851.00","1,130.20",1
2025-07-31,NABBC,"1,645.00","1,690.00","1,645.00","1,658.76","1,660.00",-1.24,0.00,"6,383.00","1,678.45","10,672,779.20","1,642.48","1,450.69","2,060.00",530.00,1
2025-07-31,NABIL,540.10,548.20,535.00,536.48,536.90,-0.42,0.00,"110,940.00",545.18,"59,709,752.80",496.89,506.12,700.00,474.10,-1
2025-07-31,NADEP,965.00,986.00,946.00,958.14,960.00,-1.86,0.00,"11,424.00",968.38,"11,119,491.50",891.16,921.21,"1,190.00",775.00,-1
2025-07-31,NBF2,10.50,10.75,10.50,10.73,10.73,0.00,0.00,"24,000.00",10.70,"256,499.00",9.79,9.67,11.10,8.70,1
2025-07-31,NBF3,10.40,10.41,10.15,10.33,10.20,0.13,0.01,"148,112.00",10.29,"1,529,167.04",9.56,9.47,10.45,8.14,-1
2025-07-31,NBL,301.90,302.00,293.00,293.73,294.00,-0.27,0.00,"176,466.00",297.35,"51,999,828.10",259.09,263.10,337.50,239.20,-1
2025-07-31,NBLD87,"1,040.00","1,040.00","1,040.00","1,040.00","1,040.00",0.00,0.00,25.00,"1,040.00","26,000.00","1,045.04","1,031.55","1,085.00",940.00,0
2025-07-31,NESDO,"1,727.00","1,767.00","1,715.00","1,750.60","1,750.00",0.60,0.00,"5,442.00","1,760.72","9,477,573.20","1,840.23","1,987.52","2,641.00","1,470.50",1
2025-07-31,NFS,718.00,788.20,715.50,788.19,788.20,-0.01,0.00,"242,942.00",716.58,"187,217,740.50",690.77,844.39,"2,614.90",576.00,1
2025-07-31,NGPL,428.00,439.90,425.10,428.91,428.00,0.91,0.00,"797,852.00",428.94,"345,439,693.90",345.58,349.09,571.00,250.00,1
2025-07-31,NHDL,735.00,749.00,727.00,729.92,727.00,2.92,0.00,"13,844.00",742.45,"10,189,913.20",770.19,758.89,"1,002.60",520.00,-1
2025-07-31,NHPC,221.00,222.50,217.60,218.24,217.60,0.64,0.00,"143,683.00",220.19,"31,551,840.80",218.57,220.13,290.00,188.00,-1
2025-07-31,NIBLGF,9.67,9.86,9.48,9.53,9.67,-0.14,-0.01,"48,399.00",9.49,"462,910.33",8.81,8.83,10.27,7.84,-1
2025-07-31,NIBLSTF,9.20,9.25,8.70,9.05,9.05,0.00,0.00,"60,124.00",9.09,"534,003.02",8.55,8.66,10.08,7.85,-1
2025-07-31,NIBSF2,9.30,9.40,9.04,9.25,9.29,-0.04,0.00,"24,700.00",9.14,"227,392.00",8.48,8.52,9.60,7.65,-1
2025-07-31,NICA,390.00,396.90,383.50,386.43,384.00,2.43,0.01,"170,007.00",390.20,"66,167,915.90",368.13,381.05,564.00,333.00,-1
2025-07-31,NICAD8283,"1,078.00","1,080.00","1,060.00","1,061.00","1,080.00",-19.00,-0.02,"5,626.00","1,100.00","6,065,361.00","1,121.79","1,123.72","1,239.30","1,032.50",-1
2025-07-31,NICBF,10.15,10.30,9.96,9.96,9.96,0.00,0.00,"4,900.00",10.15,"49,315.00",9.29,9.31,10.60,8.49,1
2025-07-31,NICFC,10.00,10.05,9.95,9.97,9.97,0.00,0.00,"6,490.00",10.00,"64,786.00",9.23,9.26,10.99,8.13,1
2025-07-31,NICGF2,9.38,9.38,9.20,9.21,9.21,0.00,0.00,"8,000.00",9.20,"74,241.00",8.75,8.82,9.98,8.20,-1
2025-07-31,NICL,664.08,664.08,651.20,658.91,660.00,-1.09,0.00,"19,157.00",664.08,"12,652,979.10",800.09,863.33,"1,162.00",570.00,-1
2025-07-31,NICLBSL,700.00,728.20,700.00,707.35,702.00,5.35,0.01,"21,567.00",711.64,"15,417,797.70",655.58,667.00,907.00,602.00,1
2025-07-31,NICSF,9.61,9.95,9.61,9.62,9.62,0.00,0.00,"7,950.00",9.80,"77,148.00",9.18,9.30,11.45,8.49,1
2025-07-31,NIFRA,308.00,308.00,298.00,299.41,298.00,1.41,0.00,"534,573.00",302.04,"160,919,400.80",282.07,275.46,366.60,240.10,-1
2025-07-31,NIL,750.00,755.00,730.00,740.72,736.00,4.72,0.01,"40,300.00",745.92,"29,777,643.10",738.21,802.58,"1,050.00",663.50,-1
2025-07-31,NIMB,241.00,241.00,232.00,232.44,233.00,-0.56,0.00,"240,464.00",236.58,"56,291,692.80",215.48,217.87,295.00,201.00,-1
2025-07-31,NIMBPO,175.00,178.50,172.60,172.80,172.70,0.10,0.00,"14,763.00",174.56,"2,564,847.00",159.62,162.75,222.00,147.70,-1
2025-07-31,NLG,894.00,897.90,869.00,871.31,870.20,1.11,0.00,"34,468.00",880.42,"30,188,431.30",873.96,923.71,"1,382.00",738.10,-1
2025-07-31,NLIC,845.00,853.00,835.10,837.11,836.00,1.11,0.00,"97,674.00",851.74,"82,313,046.30",770.36,781.43,"1,060.00",710.00,-1
2025-07-31,NLICL,636.10,659.50,636.10,654.80,651.50,3.30,0.01,"27,029.00",647.08,"17,691,635.50",622.03,614.08,776.10,551.00,1
2025-07-31,NMB,271.00,271.00,264.30,264.88,264.40,0.48,0.00,"122,833.00",268.30,"32,727,018.80",249.72,249.51,300.00,225.00,-1
2025-07-31,NMB50,11.40,11.50,11.30,11.30,11.30,0.00,0.00,"1,856.00",11.40,"21,119.00",10.60,10.55,12.54,9.57,-1
2025-07-31,NMBD2085,11.40,11.50,11.30,11.30,11.30,0.00,0.00,"1,856.00",11.40,"21,119.00",10.60,10.55,12.54,9.57,-1
2025-07-31,NMBD87/88,11.40,11.50,11.30,11.30,11.30,0.00,0.00,"1,856.00",11.40,"21,119.00",10.60,10.55,12.54,9.57,-1
2025-07-31,NMBHF2,9.13,9.39,8.97,9.13,9.13,0.00,0.00,"5,100.00",9.31,"46,572.00",0.00,0.00,10.00,8.16,0
2025-07-31,NMBMF,790.00,797.00,772.00,773.31,775.00,-1.69,0.00,"14,391.00",776.52,"11,246,939.10",734.06,727.78,876.00,646.80,-1
2025-07-31,NMFBS,"1,418.00","1,418.00","1,386.10","1,402.64","1,390.10",12.54,0.01,"7,785.00","1,399.44","10,913,429.00","1,269.65","1,305.29","1,696.00","1,161.00",-1
2025-07-31,NMIC,"1,660.00","1,669.00","1,640.00","1,649.06","1,642.10",6.96,0.00,"13,709.00","1,670.64","22,667,228.90",0.00,0.00,"2,703.30",302.30,-1
2025-07-31,NMLBBL,771.60,771.60,740.00,747.72,744.00,3.72,0.01,"37,164.00",756.56,"28,156,468.10",670.74,681.99,988.00,608.20,-1
2025-07-31,NRIC,"1,660.00","1,691.00","1,592.50","1,609.19","1,604.10",5.09,0.00,"462,490.00","1,628.79","753,513,588.40","1,265.07","1,106.64","1,691.00",722.00,-1
2025-07-31,NRM,485.00,492.90,480.00,481.78,480.10,1.68,0.00,"46,124.00",490.23,"22,400,941.30",489.80,480.64,645.00,402.00,-1
2025-07-31,NRN,"2,270.00","2,326.00","2,235.40","2,252.01","2,237.00",15.01,0.01,"90,002.00","2,269.17","204,692,173.70","1,860.86","1,586.55","2,444.00",878.00,-1
2025-07-31,NSIF2,11.80,11.85,11.69,11.69,11.69,0.00,0.00,"126,065.00",11.70,"1,481,946.30",10.54,10.50,12.47,9.69,-1
2025-07-31,NTC,914.00,920.00,900.10,909.61,909.00,0.61,0.00,"28,517.00",916.16,"25,975,319.00",885.41,906.25,"1,214.00",835.00,-1
2025-07-31,NUBL,790.00,811.00,790.00,798.85,795.00,3.85,0.00,"57,085.00",794.77,"45,647,786.10",699.49,699.96,896.00,650.00,1
2025-07-31,NWCL,980.00,980.00,958.30,963.50,958.30,5.20,0.01,"8,220.00",980.90,"7,961,510.10",958.46,972.93,"1,264.00",835.00,-1
2025-07-31,NYADI,454.00,463.00,450.80,453.26,452.00,1.26,0.00,"22,012.00",454.87,"10,051,463.30",539.28,501.89,880.00,283.30,-1
2025-07-31,OHL,893.10,902.00,886.10,890.98,890.00,0.98,0.00,"14,163.00",899.61,"12,665,256.00",903.84,910.27,"1,205.00",838.90,-1
2025-07-31,OMPL,"1,470.00","1,477.90","1,445.10","1,451.59","1,450.10",1.49,0.00,"20,598.00","1,474.09","29,971,814.00",0.00,0.00,"2,167.20",270.00,-1
2025-07-31,PBD88,"1,100.80","1,100.80","1,100.80","1,100.80","1,100.80",0.00,0.00,50.00,"1,115.00","55,040.00","1,134.49","1,120.48","1,219.70","1,030.00",0
2025-07-31,PBLD84,"1,036.00","1,036.00","1,033.00","1,033.00","1,033.00",0.00,0.00,150.00,"1,054.70","155,035.00","1,027.31",982.49,"1,087.00",960.00,-1
2025-07-31,PBLD87,"1,036.00","1,036.00","1,033.00","1,033.00","1,033.00",0.00,0.00,150.00,"1,054.70","155,035.00","1,027.31",982.49,"1,087.00",960.00,-1
2025-07-31,PCBL,270.10,273.50,266.20,269.47,270.00,-0.53,0.00,"121,170.00",272.96,"32,660,249.80",251.92,255.29,329.00,229.50,-1
2025-07-31,PFL,431.48,448.60,426.00,431.89,430.00,1.89,0.00,"53,242.00",431.48,"23,159,231.20",423.83,486.40,794.90,339.90,1
2025-07-31,PHCL,519.30,530.00,514.00,515.47,515.00,0.47,0.00,"19,884.00",528.47,"10,323,393.20",577.37,573.33,745.60,310.00,-1
2025-07-31,PMHPL,432.00,432.00,403.40,405.79,406.00,-0.21,0.00,"98,442.00",423.62,"40,778,145.50",331.91,315.73,459.00,237.60,-1
2025-07-31,PMLI,530.00,543.90,525.10,528.72,525.20,3.52,0.01,"23,268.00",539.50,"12,444,234.50",551.21,553.32,732.20,480.20,-1
2025-07-31,PPCL,361.10,370.00,358.00,360.97,359.90,1.07,0.00,"79,984.00",367.55,"29,088,064.10",340.52,322.58,409.90,221.60,-1
2025-07-31,PPL,410.00,410.00,388.10,390.60,390.00,0.60,0.00,"20,990.00",402.89,"8,300,466.70",491.38,507.90,648.60,368.30,-1
2025-07-31,PRIN,825.40,833.00,820.00,824.63,823.00,1.63,0.00,"21,092.00",829.84,"17,478,408.90",910.21,933.51,"1,113.00",806.00,-1
2025-07-31,PROFL,550.00,568.00,541.50,552.37,551.00,1.37,0.00,"59,857.00",548.32,"33,227,945.60",530.66,570.99,865.00,464.00,1
2025-07-31,PRSF,11.98,11.98,11.25,11.34,11.80,-0.46,-0.04,"1,446,030.00",11.75,"16,441,518.50",10.73,10.49,12.05,9.12,-1
2025-07-31,PRVU,241.00,243.80,235.90,237.89,237.80,0.09,0.00,"486,185.00",241.83,"115,971,591.80",213.45,219.43,297.00,194.10,-1
2025-07-31,PRVUPO,105.70,105.70,103.60,103.60,103.60,0.00,0.00,"1,940,422.00",107.80,"202,439,803.30",131.81,138.31,121.60,100.00,-1
2025-07-31,PSF,11.70,11.88,11.70,11.72,11.72,0.00,0.00,"156,233.00",11.76,"1,839,569.26",10.61,10.43,11.89,9.06,1
2025-07-31,PURE,916.00,920.00,900.10,901.23,903.10,-1.87,0.00,"16,621.00",916.02,"15,063,884.10",0.00,0.00,"1,327.90",289.30,-1
2025-07-31,RADHI,811.70,842.00,811.70,821.25,818.70,2.55,0.00,"234,509.00",828.23,"194,058,170.90",622.16,540.32,905.60,322.20,1
2025-07-31,RAWA,780.30,802.90,780.00,790.51,795.00,-4.49,-0.01,"2,880.00",787.18,"2,280,152.00",842.77,830.12,990.00,583.00,1
2025-07-31,RBBD83,"1,068.19","1,068.20","1,060.00","1,060.00","1,060.00",0.00,0.00,159.00,"1,090.00","168,818.66","1,020.65",0.00,"1,091.00",990.00,-1
2025-07-31,RBCL,"16,131.00","16,900.00","16,125.00","16,599.15","16,268.10",331.05,0.02,"1,578.00","16,292.46","26,117,474.00","14,888.10","15,338.34","22,493.90","14,024.00",1
2025-07-31,RBCLPO,"12,999.00","13,530.00","12,760.00","13,275.87","13,100.00",175.87,0.01,"1,295.00","12,750.76","17,225,423.00","11,712.44","11,878.19","16,270.00","11,007.10",1
2025-07-31,RFPL,703.30,715.00,688.00,690.63,690.00,0.63,0.00,"131,491.00",689.55,"91,408,431.70",667.68,773.99,"1,484.00",400.00,-1
2025-07-31,RHGCL,344.50,347.70,327.40,329.38,328.00,1.38,0.00,"134,862.00",340.96,"44,911,001.00",482.52,493.95,708.00,308.00,-1
2025-07-31,RHPL,333.00,369.00,331.10,338.23,337.50,0.73,0.00,"70,370.00",336.26,"23,636,270.80",391.31,407.00,527.00,319.00,1
2025-07-31,RIDI,266.00,269.00,261.60,264.66,264.00,0.66,0.00,"129,702.00",266.44,"34,453,683.50",249.10,244.15,311.00,210.00,-1
2025-07-31,RLFL,515.00,548.00,515.00,524.83,522.10,2.73,0.01,"53,086.00",524.65,"28,139,826.50",518.16,551.88,838.00,453.00,1
2025-07-31,RMF1,10.06,10.25,10.05,10.13,10.10,0.03,0.00,"492,650.00",10.25,"4,975,353.00",9.30,9.26,10.58,8.10,1
2025-07-31,RNLI,509.00,510.00,495.30,496.84,495.50,1.34,0.00,"99,581.00",505.14,"50,043,190.20",515.34,514.73,600.10,430.00,-1
2025-07-31,RSDC,811.00,820.00,787.20,792.23,787.20,5.03,0.01,"61,547.00",805.68,"49,402,828.80",699.13,703.91,880.00,638.00,-1
2025-07-31,RURU,770.00,783.70,764.00,767.81,765.80,2.01,0.00,"20,577.00",768.45,"15,883,912.80",735.45,733.90,926.80,660.00,-1
2025-07-31,SADBL,497.10,497.10,471.00,476.46,473.00,3.46,0.01,"319,678.00",487.41,"154,002,242.20",416.64,418.73,526.50,372.40,-1
2025-07-31,SAGF,10.60,10.71,10.50,10.71,10.71,0.00,0.00,"17,210.00",10.70,"182,209.00",9.71,9.71,11.00,8.92,1
2025-07-31,SAHAS,665.00,679.90,665.00,671.44,671.40,0.04,0.00,"395,721.00",669.04,"265,557,469.70",540.86,528.71,725.00,409.50,1
2025-07-31,SALICO,735.00,735.00,717.40,719.84,732.90,-13.06,-0.02,"12,306.00",731.42,"8,912,092.50",708.68,715.92,926.00,650.00,-1
2025-07-31,SAMAJ,"2,360.71","2,407.00","2,360.00","2,372.39","2,375.00",-2.61,0.00,657.00,"2,360.71","1,556,849.10","2,589.25","2,902.24","4,181.00","2,092.00",1
2025-07-31,SANIMA,380.10,384.00,374.00,375.20,376.00,-0.80,0.00,"299,881.00",383.86,"113,415,148.70",317.98,314.95,391.00,285.00,-1
2025-07-31,SAPDBL,931.20,"1,004.20",931.20,"1,002.99",999.00,3.99,0.00,"187,668.00",912.96,"185,399,219.00","1,065.69","1,042.15","1,622.70",424.10,-1
2025-07-31,SARBTM,"1,005.00","1,026.00",990.00,"1,000.06",996.00,4.06,0.00,"169,430.00","1,006.80","170,745,164.10",848.35,819.32,"1,060.00",696.80,-1
2025-07-31,SBCF,11.49,11.49,10.62,11.04,11.00,0.04,0.00,"981,300.00",11.49,"11,027,775.03",9.49,9.45,12.03,8.36,-1
2025-07-31,SBI,436.80,436.80,422.90,425.62,423.20,2.42,0.01,"71,257.00",432.85,"30,456,548.50",411.20,424.69,549.00,372.20,-1
2025-07-31,SBID83,"1,059.00","1,061.00","1,058.10","1,061.00","1,061.00",0.00,0.00,175.00,"1,075.00","185,502.50","1,093.10","1,083.53","1,147.40","1,025.00",1
2025-07-31,SBL,390.00,390.00,377.10,379.74,377.10,2.64,0.01,"278,021.00",384.42,"106,449,193.10",303.93,306.79,408.00,261.00,-1
2025-07-31,SCB,660.00,660.00,650.20,650.71,650.50,0.21,0.00,"29,239.00",660.12,"19,128,099.40",637.94,656.26,790.00,597.10,-1
2025-07-31,SDBD87,660.00,660.00,650.20,650.71,650.50,0.21,0.00,"29,239.00",660.12,"19,128,099.40",637.94,656.26,790.00,597.10,-1
2025-07-31,SEF,10.88,10.90,10.70,10.78,10.78,0.00,0.00,"81,143.00",10.88,"880,382.41",9.96,9.87,11.00,8.72,-1
2025-07-31,SFCL,491.76,517.00,487.90,497.72,497.00,0.72,0.00,"68,047.00",491.76,"33,999,003.50",524.72,588.48,"1,117.90",455.00,1
2025-07-31,SFEF,10.40,10.59,10.26,10.45,10.46,-0.01,0.00,"655,000.00",10.60,"6,842,586.00",9.59,9.49,10.82,8.53,1
2025-07-31,SGHC,442.10,459.30,420.00,428.64,425.00,3.64,0.01,"42,630.00",450.31,"18,831,508.60",484.58,482.07,649.50,351.90,-1
2025-07-31,SGIC,613.80,613.80,589.80,591.58,590.00,1.58,0.00,"41,489.00",601.78,"24,669,690.90",603.84,633.18,817.10,525.00,-1
2025-07-31,SHEL,322.00,328.00,318.00,319.94,319.80,0.14,0.00,"731,612.00",324.48,"235,235,915.90",273.51,266.34,347.80,218.90,-1
2025-07-31,SHINE,465.00,466.00,453.00,455.52,453.00,2.52,0.01,"127,604.00",463.00,"58,588,936.80",420.37,430.24,625.00,390.00,-1
2025-07-31,SHIVM,676.70,676.70,656.00,661.26,660.00,1.26,0.00,"1,008,251.00",663.48,"671,123,215.30",539.70,548.88,779.90,495.00,-1
2025-07-31,SHL,564.70,582.80,564.70,573.85,573.00,0.85,0.00,"136,308.00",576.19,"78,530,385.90",532.36,525.58,636.50,455.00,1
2025-07-31,SHLB,"2,060.00","2,070.00","2,026.10","2,028.11","2,027.40",0.71,0.00,322.00,"2,031.16","655,047.00","2,147.80","2,252.51","2,907.00","1,715.00",-1
2025-07-31,SHPC,615.00,621.00,605.00,605.76,607.00,-1.24,0.00,"310,695.00",614.80,"189,897,292.80",550.89,540.85,684.90,438.10,-1
2025-07-31,SICL,796.00,805.00,785.10,790.28,789.00,1.28,0.00,"26,531.00",804.53,"21,019,507.40",777.40,792.70,"1,120.00",708.70,-1
2025-07-31,SIFC,546.40,575.00,546.30,557.83,555.00,2.83,0.01,"61,689.00",553.81,"34,744,603.20",533.74,561.31,795.00,481.00,1
2025-07-31,SIGS2,10.70,11.10,10.61,10.91,11.10,-0.19,-0.02,"553,387.00",10.73,"6,030,184.30",9.99,9.92,11.10,8.62,1
2025-07-31,SIGS3,11.20,11.29,10.70,11.21,11.20,0.01,0.00,"420,600.00",11.37,"4,698,274.92",10.12,10.00,11.46,8.28,1
2025-07-31,SIKLES,"1,005.00","1,039.40",984.00,"1,028.76","1,035.00",-6.24,-0.01,"8,507.00","1,003.92","8,708,846.30","1,053.01",978.09,"1,475.00",637.00,1
2025-07-31,SINDU,820.00,879.80,820.00,859.22,856.30,2.92,0.00,"144,566.00",804.94,"123,111,232.50",970.19,951.06,"1,482.00",468.00,1
2025-07-31,SJCL,324.00,327.90,322.00,323.16,323.10,0.06,0.00,"21,171.00",325.80,"6,870,580.50",332.10,341.36,442.00,302.00,-1
2025-07-31,SJLIC,455.10,467.00,455.00,456.74,455.00,1.74,0.00,"50,433.00",459.49,"23,237,418.40",446.35,453.95,644.00,420.00,1
2025-07-31,SKBBL,956.00,956.00,923.00,932.61,929.00,3.61,0.00,"101,807.00",938.79,"95,232,481.60",821.98,846.52,"1,105.00",780.00,-1
2025-07-31,SLBBL,"1,105.00","1,116.00","1,085.00","1,098.53","1,094.00",4.53,0.00,"76,054.00","1,083.93","83,559,017.00",942.80,942.01,"1,250.00",780.00,-1
2025-07-31,SLBSL,"1,591.90","1,601.00","1,540.00","1,573.59","1,582.90",-9.31,-0.01,"7,302.00","1,562.34","11,420,786.00","1,788.12","1,794.80","3,047.00","1,180.00",-1
2025-07-31,SLCF,10.70,11.18,10.49,10.71,10.70,0.01,0.00,"32,370.00",10.76,"347,007.20",9.80,9.72,11.18,8.75,1
2025-07-31,SMATA,"1,226.00","1,226.00","1,135.50","1,191.45","1,164.50",26.95,0.02,"40,869.00","1,226.27","47,930,525.70",848.92,854.28,"1,382.00",734.10,-1
2025-07-31,SMB,"2,385.00","2,420.00","2,370.00","2,379.98","2,370.00",9.98,0.00,"1,677.00","2,421.60","4,003,384.40","2,436.55","2,526.94","4,026.20","1,690.00",-1
2025-07-31,SMFBS,"1,847.10","1,872.90","1,825.10","1,833.07","1,849.00",-15.93,-0.01,847.00,"1,847.10","1,567,256.90","1,826.24","1,859.64","2,426.40","1,398.50",-1
2025-07-31,SMH,907.00,919.00,891.10,902.23,899.00,3.23,0.00,"2,607.00",906.16,"2,367,594.00",927.80,979.64,"1,283.00",790.00,-1
2025-07-31,SMHL,"1,158.90","1,162.10","1,126.10","1,141.83","1,137.10",4.73,0.00,"19,014.00","1,182.47","21,747,381.90","1,010.67","1,036.34","1,657.00",557.10,-1
2025-07-31,SMJC,635.00,649.00,619.00,622.08,625.00,-2.92,0.00,"121,519.00",637.59,"76,156,888.00",568.03,565.88,800.00,480.20,-1
2025-07-31,SMPDA,"1,048.90","1,049.00","1,017.00","1,028.12","1,024.90",3.22,0.00,"9,533.00","1,032.57","9,819,210.20",966.50,962.45,"1,278.90",826.00,-1
2025-07-31,SNLI,511.23,513.00,502.00,503.90,503.00,0.90,0.00,"44,991.00",511.23,"22,789,391.70",563.44,585.56,744.50,452.00,-1
2025-07-31,SONA,485.20,496.70,476.00,478.96,477.00,1.96,0.00,"135,508.00",490.46,"65,585,177.00",470.66,469.97,624.00,425.00,-1
2025-07-31,SPC,550.00,570.00,550.00,552.50,550.10,2.40,0.00,"60,629.00",554.51,"33,791,829.80",551.43,546.42,722.00,471.70,1
2025-07-31,SPDL,416.10,421.60,410.00,410.49,411.00,-0.51,0.00,"158,705.00",416.43,"65,732,177.00",374.49,358.54,465.00,260.00,-1
2025-07-31,SPHL,691.00,714.00,676.90,704.55,703.00,1.55,0.00,"15,088.00",703.01,"10,430,718.40",734.35,751.00,922.00,612.70,1
2025-07-31,SPIL,850.68,854.00,830.10,844.62,840.10,4.52,0.01,"21,548.00",850.68,"18,201,066.90",834.17,834.12,"1,076.00",778.00,-1
2025-07-31,SPL,"1,007.10","1,019.00",970.60,980.56,977.00,3.56,0.00,"8,555.00","1,021.65","8,525,915.60",876.41,903.58,"1,109.60",765.00,1
2025-07-31,SRLI,421.00,429.60,418.50,419.38,418.50,0.88,0.00,"66,147.00",424.38,"27,876,170.40",416.87,423.13,654.00,390.00,-1
2025-07-31,SSHL,295.80,296.60,285.00,285.65,285.90,-0.25,0.00,"997,158.00",290.83,"288,007,356.80",242.73,238.99,313.80,196.00,-1
2025-07-31,STC,"5,460.10","5,553.00","5,458.10","5,500.26","5,500.00",0.26,0.00,"1,986.00","5,567.12","10,920,839.60","5,224.38","5,385.83","7,000.00","4,905.10",1
2025-07-31,SWBBL,995.00,"1,016.00",957.20,962.09,966.90,-4.81,0.00,"32,060.00",976.66,"31,213,511.10",851.23,866.71,"1,232.00",782.40,-1
2025-07-31,SWMF,825.00,828.00,810.00,811.42,810.00,1.42,0.00,"13,762.00",819.40,"11,221,188.10",744.33,759.09,"1,192.00",676.00,-1
2025-07-31,TAMOR,525.10,538.00,522.00,523.47,523.00,0.47,0.00,"33,327.00",530.26,"17,561,054.80",530.06,530.26,637.00,439.20,-1
2025-07-31,TPC,412.90,412.90,396.00,398.37,399.00,-0.63,0.00,"38,598.00",405.21,"15,426,279.60",490.23,507.35,671.60,334.00,-1
2025-07-31,TRH,"1,008.00","1,030.80",980.00,989.84,999.00,-9.16,-0.01,"17,472.00","1,010.62","17,470,778.80","1,019.01","1,057.22","1,538.00",898.00,1
2025-07-31,TSHL,885.00,900.00,843.30,876.03,858.50,17.53,0.02,"10,731.00",868.54,"9,420,871.10",784.35,819.52,"1,231.00",616.80,-1
2025-07-31,TVCL,493.00,498.00,488.10,490.02,490.00,0.02,0.00,"14,583.00",497.96,"7,184,656.80",523.54,530.50,697.00,431.00,-1
2025-07-31,UAIL,589.72,590.00,579.00,581.89,580.00,1.89,0.00,"21,214.00",589.72,"12,365,508.60",627.96,637.74,837.30,560.00,-1
2025-07-31,UHEWA,629.00,637.00,618.00,620.42,621.00,-0.58,0.00,"18,200.00",629.95,"11,315,887.50",687.52,694.12,993.40,427.00,-1
2025-07-31,ULBSL,"3,560.00","3,647.90","3,560.00","3,614.36","3,615.10",-0.74,0.00,"3,198.00","3,605.01","11,540,309.70","3,744.32","3,684.83","6,600.00","2,650.50",1
2025-07-31,ULHC,495.10,512.70,495.10,503.42,502.00,1.42,0.00,"25,762.00",502.74,"13,009,969.50",513.02,506.74,693.00,364.00,1
2025-07-31,UMHL,555.90,555.90,546.00,549.30,548.00,1.30,0.00,"105,399.00",549.29,"57,878,251.40",484.66,435.02,619.00,276.70,-1
2025-07-31,UMRH,646.00,655.00,641.00,643.77,642.00,1.77,0.00,"58,648.00",653.88,"37,995,169.10",622.28,616.64,790.00,406.70,-1
2025-07-31,UNHPL,414.00,417.00,407.00,408.77,408.00,0.77,0.00,"130,042.00",414.33,"53,651,424.40",360.63,337.81,486.40,235.00,-1
2025-07-31,UNL,"48,265.00","48,450.00","47,500.00","48,450.00","48,450.00",0.00,0.00,50.00,"49,250.00","2,402,150.00","46,630.04","46,784.51","52,999.00","43,800.00",1
2025-07-31,UNLB,"2,350.00","2,398.00","2,294.00","2,303.45","2,327.00",-23.55,-0.01,"2,466.00","2,305.79","5,797,283.50","2,277.64","2,393.41","3,223.00","1,935.90",-1
2025-07-31,UPCL,430.00,431.90,416.10,419.20,418.90,0.30,0.00,"300,000.00",423.68,"126,313,529.80",368.28,339.19,489.00,234.00,-1
2025-07-31,UPPER,207.00,207.00,205.00,205.07,205.50,-0.43,0.00,"254,449.00",206.64,"52,359,856.00",201.98,204.63,295.00,192.00,-1
2025-07-31,USHEC,520.00,520.00,490.00,495.02,498.00,-2.98,-0.01,"91,745.00",520.74,"45,594,749.30",545.37,569.98,752.00,410.00,-1
2025-07-31,USHL,690.60,704.90,690.60,693.11,692.00,1.11,0.00,"3,778.00",703.43,"2,626,941.50",699.06,733.41,961.00,585.00,1
2025-07-31,USLB,"2,306.10","2,425.00","2,290.00","2,397.19","2,398.00",-0.81,0.00,"20,591.00","2,350.93","48,276,410.80","1,868.75","1,765.47","2,694.00","1,320.00",1
2025-07-31,VLBS,932.00,950.00,921.00,926.60,921.20,5.40,0.01,"7,606.00",933.59,"7,113,150.80",859.77,867.08,"1,090.00",770.00,-1
2025-07-31,VLUCL,640.00,640.00,629.00,630.18,630.00,0.18,0.00,"9,694.00",635.35,"6,119,920.40",658.79,662.50,816.00,535.00,-1
2025-07-31,WNLB,"2,135.00","2,150.00","2,103.20","2,109.92","2,125.00",-15.08,-0.01,"1,850.00","2,137.19","3,915,475.20","2,631.70","2,636.23","4,271.00","1,431.00",-1
